expiry_month,expired_lots,expired_units,expired_value
2025-01-01,27,119,5404.94
2025-02-01,35,127,14634.55
2025-03-01,58,256,24630.72
2025-04-01,40,142,11544.55
2025-05-01,31,113,7268.00
2025-06-01,34,138,8472.88
2025-07-01,33,161,13213.45
2025-08-01,53,211,11612.31
2025-09-01,34,140,23460.80
2025-10-01,36,172,9000.13
2025-11-01,22,92,9014.50
2025-12-01,42,217,16093.22
2026-01-01,29,125,10922.97
2026-02-01,21,99,8284.09
2026-03-01,35,171,16320.27
2026-04-01,21,69,2455.46
2026-05-01,39,166,14385.87
2026-06-01,28,122,7589.69
2026-07-01,20,121,12261.00
2026-08-01,22,89,7610.00
2026-09-01,34,127,10590.17
2026-10-01,56,271,17459.05
2026-11-01,34,141,13779.42
2026-12-01,45,210,12913.82
