year,month,month_end_units,month_end_value_at_cost
2025,1,42885,3347468.22
2025,2,42839,3336876.77
2025,3,44737,3563172.34
2025,4,45340,3691528.48
2025,5,43153,3413491.03
2025,6,44684,3520713.30
2025,7,44249,3480417.35
2025,8,42143,3358763.80
2025,9,45356,3626216.47
2025,10,44819,3509518.42
2025,11,42790,3389137.07
2025,12,44708,3653126.96
2026,1,43504,3531272.71
2026,2,44194,3592988.43
2026,3,45441,3687107.66
2026,4,46814,3606421.97
2026,5,45208,3500215.55
2026,6,46932,3669202.88
2026,7,44269,3514570.54
2026,8,45494,3531819.87
2026,9,45803,3679830.22
2026,10,44459,3514602.06
2026,11,45821,3632373.69
2026,12,45473,3642946.20
