category_name,cost_of_goods_sold,average_inventory_value,turnover_period,turnover_annualised
Cardiovascular,37714276.12,895495.11,42.116,21.072
Antibiotics,14099560.38,340426.70,41.417,20.723
Antipyretics,3171415.56,77436.62,40.955,20.492
Analgesics,4588720.91,129925.95,35.318,17.671
Antidiabetic,35276877.40,1004759.03,35.110,17.567
Gastrointestinal,6674770.18,204285.65,32.674,16.348
Vitamins,5588360.96,188120.15,29.706,14.863
Antihistamines,5318153.70,213243.86,24.939,12.478
Respiratory,6991710.47,350091.95,19.971,9.992
Dermatological,2032747.11,126625.00,16.053,8.032
