medicine_name,category_name,units_sold_24m,stock_units,stock_value_at_cost,days_of_stock_at_average_demand
Sitagliptin 50mg (HealthAxis Pharma),Antidiabetic,704,68,21599.05,71
Sitagliptin 50mg (Summit Lifesciences),Antidiabetic,749,64,20329.18,62
Sitagliptin 50mg (TrueLife Remedies),Antidiabetic,749,51,18108.44,50
Rosuvastatin 20mg (Summit Lifesciences),Cardiovascular,275,82,16295.00,218
Rosuvastatin 5mg,Cardiovascular,906,96,14727.58,77
Budesonide Inhaler 200mcg (VitaCure Remedies),Respiratory,612,71,14242.67,85
Amoxicillin + Clavulanic Acid 625mg (HealthAxis Pharma),Antibiotics,765,87,13342.30,83
Budesonide Inhaler 200mcg (ApexLife Pharma),Respiratory,659,62,13276.14,69
Glimepiride 3mg (NovaMed Laboratories),Antidiabetic,479,83,12951.79,127
Montelukast + Levocetirizine 10mg/5mg (NovaMed Laboratories),Antihistamines,867,84,12471.57,71
Budesonide Inhaler 200mcg,Respiratory,369,60,12069.33,119
Rosuvastatin 10mg (NovaMed Laboratories),Cardiovascular,300,89,11723.07,217
Salbutamol Inhaler 200mcg (Stellar Formulations),Respiratory,845,88,11695.80,76
Fexofenadine 180mg (TrueLife Remedies),Antihistamines,454,60,11312.54,96
Montelukast 5mg,Respiratory,466,68,11033.97,107
