branch,category,medicine,stock_units,stock_value_at_cost
MedStock Harbour,Cardiovascular,Telmisartan 40mg,246,25028.22
MedStock Harbour,Cardiovascular,Telmisartan 40mg (Aarogya Formulations),146,12138.82
MedStock Harbour,Cardiovascular,Atorvastatin 10mg,90,7219.80
MedStock Harbour,Cardiovascular,Losartan 25mg (CarePlus Laboratories),80,6800.80
MedStock Harbour,Cardiovascular,Rosuvastatin 20mg (Summit Lifesciences),32,6371.94
MedStock Harbour,Cardiovascular,Rosuvastatin 5mg (NovaMed Laboratories),34,5736.82
MedStock Harbour,Cardiovascular,Rosuvastatin 10mg (BlueCrest Pharma),40,4994.99
MedStock Harbour,Cardiovascular,Metoprolol 50mg (BlueCrest Pharma),91,4761.80
MedStock Harbour,Cardiovascular,Losartan 50mg (NovaMed Laboratories),70,4538.62
MedStock Harbour,Cardiovascular,Rosuvastatin 5mg (Stellar Formulations),29,4523.13
MedStock Harbour,Cardiovascular,Rosuvastatin 20mg (Stellar Formulations),28,4096.12
MedStock Harbour,Cardiovascular,Telmisartan 20mg,30,3809.10
MedStock Harbour,Cardiovascular,Rosuvastatin 10mg (Summit Lifesciences),28,3692.08
MedStock Harbour,Cardiovascular,Atorvastatin 10mg (Summit Lifesciences),43,3460.08
MedStock Harbour,Cardiovascular,Telmisartan 80mg (TrueLife Remedies),26,3364.40
MedStock Harbour,Cardiovascular,Telmisartan 40mg (NovaMed Laboratories),36,3225.60
MedStock Harbour,Cardiovascular,Telmisartan 80mg (ApexLife Pharma),21,2879.68
MedStock Harbour,Cardiovascular,Telmisartan 80mg (BlueCrest Pharma),23,2824.86
MedStock Harbour,Cardiovascular,Amlodipine 2.5mg (TrueLife Remedies),80,2791.60
MedStock Harbour,Cardiovascular,Rosuvastatin 5mg,18,2780.04
MedStock Harbour,Cardiovascular,Amlodipine 5mg,102,2713.14
MedStock Harbour,Cardiovascular,Amlodipine 10mg (Stellar Formulations),83,2711.59
MedStock Harbour,Cardiovascular,Atorvastatin 10mg (LifeSpring Pharma),31,2706.30
MedStock Harbour,Cardiovascular,Clopidogrel 75mg (Aarogya Formulations),39,2526.10
MedStock Harbour,Cardiovascular,Rosuvastatin 20mg (NovaMed Laboratories),16,2521.09
