level,category_name,medicine_name,units,revenue
Medicine,Dermatological,Clotrimazole Cream 1%,3256,271573.69
Medicine,Dermatological,Mupirocin Ointment 2% (CarePlus Laboratories),1572,204779.97
Medicine,Dermatological,Hydrocortisone Cream 1% (CureLine Healthcare),2641,177044.89
Medicine,Dermatological,Ketoconazole Shampoo 2%,851,176426.37
Medicine,Dermatological,Mupirocin Ointment 2%,1198,159696.87
Medicine,Dermatological,Calamine Lotion 100ml (Stellar Formulations),2222,157769.22
Medicine,Dermatological,Ketoconazole Shampoo 2% (Aarogya Formulations),777,151581.99
Medicine,Dermatological,Ketoconazole Shampoo 2% (LifeSpring Pharma),596,125732.74
Medicine,Dermatological,Clotrimazole Cream 1% (CureLine Healthcare),1526,117012.51
Medicine,Dermatological,Clotrimazole Cream 2%,1104,107321.35
Medicine,Dermatological,Hydrocortisone Cream 1% (CarePlus Laboratories),1667,101010.55
Medicine,Dermatological,Fusidic Acid Cream 2% (BlueCrest Pharma),663,97736.98
Medicine,Dermatological,Ketoconazole Shampoo 2% (VitaCure Remedies),443,93833.41
Medicine,Dermatological,Fusidic Acid Cream 2%,549,84358.94
Medicine,Dermatological,Clotrimazole Cream 1% (ApexLife Pharma),941,83763.57
Medicine,Dermatological,Mupirocin Ointment 2% (Summit Lifesciences),685,82858.66
Medicine,Dermatological,Mupirocin Ointment 2% (ApexLife Pharma),616,79984.81
Medicine,Dermatological,Fusidic Acid Cream 2% (ApexLife Pharma),500,76072.94
Medicine,Dermatological,Mupirocin Ointment 2% (VitaCure Remedies),428,53432.68
Medicine,Dermatological,Calamine Lotion 100ml (TrueLife Remedies),609,46177.56
Medicine,Dermatological,Fusidic Acid Cream 2% (VitaCure Remedies),277,40196.94
Medicine,Dermatological,Calamine Lotion 100ml,564,38983.81
Medicine,Dermatological,Mupirocin Ointment 2% (NovaMed Laboratories),278,38517.29
Medicine,Dermatological,Calamine Lotion 100ml (CureLine Healthcare),448,33148.91
Medicine,Dermatological,Hydrocortisone Cream 1%,392,24173.32
Medicine,Dermatological,Calamine Lotion 100ml (LifeSpring Pharma),339,23741.29
Medicine,Dermatological,Clotrimazole Cream 2% (TrueLife Remedies),240,21487.76
Medicine,Dermatological,Clotrimazole Cream 2% (Stellar Formulations),154,14440.89
Medicine,Dermatological,Hydrocortisone Cream 1% (Summit Lifesciences),154,9584.23
CATEGORY SUBTOTAL,Dermatological,,25690,2692444.14
