branch,category,revenue,units,grouping_level
BR001,Antihistamines,800685.22,12201,0
BR001,Respiratory,1106339.72,7048,0
BR001,Vitamins,808430.70,12926,0
BR002,Antihistamines,580397.54,9173,0
BR002,Respiratory,719257.59,4597,0
BR002,Vitamins,617756.80,9843,0
BR003,Antihistamines,795963.29,12119,0
BR003,Respiratory,956209.30,6094,0
BR003,Vitamins,805685.63,12960,0
BR004,Antihistamines,615418.41,9491,0
BR004,Respiratory,738132.74,4745,0
BR004,Vitamins,642660.96,10130,0
BR005,Antihistamines,793313.83,12233,0
BR005,Respiratory,954659.04,6086,0
BR005,Vitamins,800317.88,12702,0
BR001,ALL,2715455.64,32175,1
BR002,ALL,1917411.93,23613,1
BR003,ALL,2557858.22,31173,1
BR004,ALL,1996212.11,24366,1
BR005,ALL,2548290.75,31021,1
ALL,Antihistamines,3585778.29,55217,2
ALL,Respiratory,4474598.39,28570,2
ALL,Vitamins,3674851.97,58561,2
ALL,ALL,11735228.65,142348,3
