category_name,br001,br002,br003,br004,br005,all_branches
Cardiovascular,10825871.30,8889251.27,10484990.14,8197193.54,10636266.30,49033572.55
Antidiabetic,10201123.74,8401460.25,9900903.73,7695536.63,10127512.67,46326537.02
Antibiotics,4082360.81,2985751.24,3936713.11,3062711.79,4547262.36,18614799.31
Respiratory,2280477.75,1470400.47,1949694.76,1524299.11,1977313.29,9202185.38
Gastrointestinal,1826518.69,1389399.15,1797741.37,1603810.73,2047120.77,8664590.71
Vitamins,1608784.98,1239851.77,1590441.67,1255765.16,1614467.23,7309310.81
Antihistamines,1582424.14,1160153.02,1532753.43,1206871.06,1575075.19,7057276.84
Analgesics,1332640.04,990938.35,1407286.24,1019962.59,1328113.71,6078940.93
Antipyretics,942143.93,702704.00,917537.56,724240.78,938908.75,4225535.02
Dermatological,587294.82,452242.57,583357.00,465055.48,604494.27,2692444.14
