year,month,purchase_quantity,purchase_cost,delivery_lines
2025,1,109326,8459662.36,4977
2025,2,60945,4749690.14,3202
2025,3,69982,5492413.97,3479
2025,4,65315,5087936.14,3213
2025,5,64600,4816188.35,3394
2025,6,66014,5033052.61,3269
2025,7,66036,5029811.55,3220
2025,8,64288,4990472.40,3207
2025,9,66947,5177189.77,3273
2025,10,65198,4980440.09,3394
2025,11,61826,4810397.43,3109
2025,12,68950,5480972.91,3365
2026,1,67200,5141047.92,3289
2026,2,62776,4856049.77,3155
2026,3,69510,5318106.43,3367
2026,4,67438,4929702.85,3211
2026,5,67130,5222931.11,3377
2026,6,66757,5096562.84,3243
2026,7,64396,4955871.94,3217
2026,8,68243,5115066.04,3318
2026,9,66062,5156166.49,3205
2026,10,66197,4978187.38,3269
2026,11,67519,5176292.91,3303
2026,12,68770,5334247.45,3307
