medicine_name,category_name,delivery_lines,first_price,latest_price,average_price,min_price,max_price,price_change_pct,price_range_pct,significant_change
Pantoprazole 40mg (TrueLife Remedies),Gastrointestinal,45,51.56,67.11,57.46,51.51,67.11,30.2,27.2,True
Losartan 50mg (Aarogya Formulations),Cardiovascular,95,65.05,80.21,68.29,60.24,80.23,23.3,29.3,True
Salbutamol Inhaler 100mcg (ApexLife Pharma),Respiratory,290,110.29,135.88,124.03,110.04,141.03,23.2,25.0,True
Telmisartan 80mg (Summit Lifesciences),Cardiovascular,419,112.59,138.49,124.08,110.20,139.93,23.0,24.0,True
Ketoconazole Shampoo 2% (VitaCure Remedies),Dermatological,70,175.89,135.64,166.12,135.64,181.34,-22.9,27.5,True
Vitamin C Chewable 1000mg (NovaMed Laboratories),Vitamins,402,23.73,28.88,26.82,23.73,29.62,21.7,22.0,True
Pantoprazole 20mg (BlueCrest Pharma),Gastrointestinal,105,58.62,71.18,67.15,58.62,74.19,21.4,23.2,True
Glimepiride 3mg (CureLine Healthcare),Antidiabetic,165,140.83,170.08,155.65,137.62,173.40,20.8,23.0,True
Multivitamin B-complex+C,Vitamins,173,31.98,38.52,34.67,31.17,38.86,20.5,22.2,True
Sitagliptin 50mg (ApexLife Pharma),Antidiabetic,240,311.20,374.12,333.63,292.03,374.12,20.2,24.6,True
Domperidone 10mg (NovaMed Laboratories),Gastrointestinal,378,31.02,37.18,33.85,30.19,37.64,19.9,22.0,True
Domperidone 10mg,Gastrointestinal,137,33.13,39.69,35.38,30.57,40.34,19.8,27.6,True
Ambroxol + Levosalbutamol Syrup 100ml (VitaCure Remedies),Respiratory,80,75.60,90.53,79.81,71.14,90.53,19.7,24.3,True
Glimepiride 2mg,Antidiabetic,159,94.12,112.45,103.35,92.38,115.32,19.5,22.2,True
Clotrimazole Cream 1%,Dermatological,238,55.42,66.16,61.23,53.95,68.47,19.4,23.7,True
Vitamin C Chewable 1000mg,Vitamins,116,25.41,30.32,27.62,24.26,31.34,19.3,25.6,True
Aspirin 75mg (Aarogya Formulations),Cardiovascular,129,5.55,6.62,6.04,5.41,6.76,19.3,22.4,True
Mefenamic Acid 500mg (Kavach Healthcare),Antipyretics,244,45.73,36.93,40.64,34.65,46.64,-19.2,29.5,True
Metoprolol 50mg (BlueCrest Pharma),Cardiovascular,220,44.51,52.92,49.27,43.71,55.74,18.9,24.4,True
Chlorpheniramine 4mg (VitaCure Remedies),Antihistamines,50,10.94,8.90,9.74,8.90,10.94,-18.6,20.9,True
Paracetamol Drops 100mg/ml,Antipyretics,105,31.33,25.60,28.00,25.45,31.53,-18.3,21.7,True
Dextromethorphan Syrup 100ml (HealthAxis Pharma),Respiratory,146,66.01,77.66,72.21,64.15,81.32,17.6,23.8,True
Montelukast + Levocetirizine 10mg/5mg (VitaCure Remedies),Antihistamines,140,117.08,137.69,127.62,114.08,150.26,17.6,28.3,True
Metformin 850mg (CureLine Healthcare),Antidiabetic,337,25.75,30.26,29.47,25.48,33.48,17.5,27.1,True
Calcium + Vitamin D3 500mg/250IU (TrueLife Remedies),Vitamins,117,76.58,89.83,81.41,72.37,90.38,17.3,22.1,True
Chlorpheniramine 4mg (LifeSpring Pharma),Antihistamines,150,8.26,9.68,9.05,8.06,9.90,17.2,20.3,True
Telmisartan 80mg (TrueLife Remedies),Cardiovascular,147,150.62,124.80,137.29,121.89,151.39,-17.1,21.5,True
Fexofenadine 120mg,Antihistamines,40,135.28,158.23,143.79,129.46,158.23,17.0,20.0,True
Omeprazole 40mg (Summit Lifesciences),Gastrointestinal,114,46.99,39.03,42.04,37.62,46.99,-16.9,22.3,True
Sitagliptin 100mg (HealthAxis Pharma),Antidiabetic,188,252.76,295.52,272.50,241.64,306.37,16.9,23.8,True
