full_date,day_name,units,revenue,transactions
2025-01-01,Wednesday,2241,237157.10,829
2025-01-02,Thursday,2040,207414.96,793
2025-01-03,Friday,2290,226290.66,895
2025-01-04,Saturday,2334,244060.58,896
2025-01-05,Sunday,1845,197312.76,708
2025-01-06,Monday,2132,222724.54,838
2025-01-07,Tuesday,2064,209567.15,823
2025-01-08,Wednesday,2101,209838.93,805
2025-01-09,Thursday,2325,227120.32,903
2025-01-10,Friday,2336,238757.94,869
2025-01-11,Saturday,2556,260431.96,992
2025-01-12,Sunday,2108,215606.81,804
2025-01-13,Monday,1932,201268.12,779
2025-01-14,Tuesday,2144,228554.54,789
2025-01-15,Wednesday,2072,210141.32,815
2025-01-16,Thursday,2149,221317.85,826
2025-01-17,Friday,2181,218440.31,850
2025-01-18,Saturday,2390,230438.04,922
2025-01-19,Sunday,1924,189181.81,767
2025-01-20,Monday,1980,198318.79,781
2025-01-21,Tuesday,2024,203114.50,780
2025-01-22,Wednesday,2157,222055.69,832
2025-01-23,Thursday,2072,216361.41,800
2025-01-24,Friday,2258,231465.29,883
2025-01-25,Saturday,2315,233854.83,896
2025-01-26,Sunday,1853,191954.55,721
2025-01-27,Monday,2160,209748.80,855
2025-01-28,Tuesday,2000,210444.10,782
2025-01-29,Wednesday,2020,205461.19,784
2025-01-30,Thursday,1958,189840.85,773
2025-01-31,Friday,2361,230327.40,890
2025-02-01,Saturday,2459,261461.38,943
2025-02-02,Sunday,1896,195446.92,722
2025-02-03,Monday,2343,243923.33,868
2025-02-04,Tuesday,2135,215864.46,822
2025-02-05,Wednesday,2189,231288.43,825
2025-02-06,Thursday,2144,215959.45,818
2025-02-07,Friday,2246,229813.65,843
2025-02-08,Saturday,2353,249789.59,921
2025-02-09,Sunday,1978,195147.49,756
2025-02-10,Monday,2019,202816.22,816
2025-02-11,Tuesday,2143,221327.16,840
2025-02-12,Wednesday,2071,202061.59,801
2025-02-13,Thursday,2173,220915.95,854
2025-02-14,Friday,2234,227820.84,876
2025-02-15,Saturday,2378,232231.02,878
2025-02-16,Sunday,1898,201060.32,746
2025-02-17,Monday,2242,224452.47,850
2025-02-18,Tuesday,1998,209015.58,774
2025-02-19,Wednesday,2184,219145.55,838
2025-02-20,Thursday,2253,219665.90,893
2025-02-21,Friday,2275,238882.52,876
2025-02-22,Saturday,2481,244589.82,960
2025-02-23,Sunday,1909,183541.68,753
2025-02-24,Monday,2231,232826.69,857
2025-02-25,Tuesday,2082,206686.13,804
2025-02-26,Wednesday,2085,208385.84,816
2025-02-27,Thursday,2178,221280.35,843
2025-02-28,Friday,2287,233508.27,856
2025-03-01,Saturday,2363,242111.31,920
2025-03-02,Sunday,2100,210737.63,826
2025-03-03,Monday,2178,214927.41,841
2025-03-04,Tuesday,2039,218480.87,807
2025-03-05,Wednesday,1981,191931.72,734
2025-03-06,Thursday,2083,207619.62,806
2025-03-07,Friday,2454,242913.79,921
2025-03-08,Saturday,2399,247407.85,924
2025-03-09,Sunday,1984,197173.72,750
2025-03-10,Monday,2083,211820.51,833
2025-03-11,Tuesday,2091,213334.94,832
2025-03-12,Wednesday,2252,241973.88,866
2025-03-13,Thursday,2138,215179.75,817
2025-03-14,Friday,2348,229281.56,898
2025-03-15,Saturday,2383,243255.89,919
2025-03-16,Sunday,1976,207022.63,748
2025-03-17,Monday,2312,240125.39,888
2025-03-18,Tuesday,2100,204747.96,792
2025-03-19,Wednesday,2266,229223.95,882
2025-03-20,Thursday,2135,209348.47,795
2025-03-21,Friday,2426,247080.95,914
2025-03-22,Saturday,2439,239891.79,924
2025-03-23,Sunday,1959,197191.18,763
2025-03-24,Monday,2070,207805.74,831
2025-03-25,Tuesday,2036,205713.02,828
2025-03-26,Wednesday,2266,224606.80,861
2025-03-27,Thursday,2192,220886.36,853
2025-03-28,Friday,2290,231876.21,891
2025-03-29,Saturday,2388,247678.87,899
2025-03-30,Sunday,1936,192592.97,734
2025-03-31,Monday,2161,225032.80,847
2025-04-01,Tuesday,2242,228348.36,835
2025-04-02,Wednesday,2088,222900.49,820
2025-04-03,Thursday,2175,222734.46,873
2025-04-04,Friday,2265,224443.04,896
2025-04-05,Saturday,2435,245535.28,954
2025-04-06,Sunday,1856,185820.59,708
2025-04-07,Monday,2040,204610.28,827
2025-04-08,Tuesday,2000,194708.24,807
2025-04-09,Wednesday,1949,195689.88,778
2025-04-10,Thursday,2136,216190.96,828
2025-04-11,Friday,2321,241699.49,911
2025-04-12,Saturday,2414,241502.55,962
2025-04-13,Sunday,2020,199149.44,760
2025-04-14,Monday,2390,245691.62,878
2025-04-15,Tuesday,2061,215286.68,810
2025-04-16,Wednesday,2054,200294.53,802
2025-04-17,Thursday,2261,219260.46,859
2025-04-18,Friday,2268,224700.79,889
2025-04-19,Saturday,2454,260107.28,966
2025-04-20,Sunday,2087,214836.81,778
2025-04-21,Monday,2107,213270.71,809
2025-04-22,Tuesday,2155,210324.29,856
2025-04-23,Wednesday,2056,203922.57,802
2025-04-24,Thursday,2176,217992.14,862
2025-04-25,Friday,2157,222731.64,853
2025-04-26,Saturday,2249,217767.11,890
2025-04-27,Sunday,1795,185224.12,701
2025-04-28,Monday,2124,211573.72,824
2025-04-29,Tuesday,2159,212664.45,866
2025-04-30,Wednesday,2076,193128.83,797
2025-05-01,Thursday,2087,210336.22,827
2025-05-02,Friday,2291,240722.61,897
2025-05-03,Saturday,2461,244778.64,964
2025-05-04,Sunday,1962,202671.33,765
2025-05-05,Monday,2288,242356.59,886
2025-05-06,Tuesday,2072,210226.52,799
2025-05-07,Wednesday,2041,206302.76,831
2025-05-08,Thursday,2267,235086.50,861
2025-05-09,Friday,2392,251596.88,894
2025-05-10,Saturday,2471,241510.05,991
2025-05-11,Sunday,1811,177420.46,720
2025-05-12,Monday,2103,205852.83,809
2025-05-13,Tuesday,2062,207879.47,830
2025-05-14,Wednesday,2206,213958.64,877
2025-05-15,Thursday,2123,224036.48,836
2025-05-16,Friday,2174,219426.49,876
2025-05-17,Saturday,2290,231751.87,926
2025-05-18,Sunday,1793,173727.33,716
2025-05-19,Monday,2180,225116.89,859
2025-05-20,Tuesday,2100,203306.66,806
2025-05-21,Wednesday,2125,214352.72,798
2025-05-22,Thursday,2103,205283.41,845
2025-05-23,Friday,2181,215723.37,854
2025-05-24,Saturday,2369,241037.88,919
2025-05-25,Sunday,1858,183051.07,712
2025-05-26,Monday,2126,212095.31,825
2025-05-27,Tuesday,2003,198623.76,797
2025-05-28,Wednesday,2073,198922.41,814
2025-05-29,Thursday,1938,189298.07,750
2025-05-30,Friday,2266,229092.08,877
2025-05-31,Saturday,2458,246333.76,957
2025-06-01,Sunday,1936,196161.64,727
2025-06-02,Monday,2184,223068.64,841
2025-06-03,Tuesday,1965,196216.65,768
2025-06-04,Wednesday,2225,240300.13,849
2025-06-05,Thursday,2034,212524.48,803
2025-06-06,Friday,2348,221142.55,914
2025-06-07,Saturday,2303,224472.38,905
2025-06-08,Sunday,2003,207908.09,759
2025-06-09,Monday,2190,230928.11,860
2025-06-10,Tuesday,2086,209344.15,803
2025-06-11,Wednesday,2019,199967.59,765
2025-06-12,Thursday,2123,204348.30,805
2025-06-13,Friday,2354,230788.57,882
2025-06-14,Saturday,2345,239239.08,939
2025-06-15,Sunday,2103,213703.02,755
2025-06-16,Monday,2029,203985.58,819
2025-06-17,Tuesday,2044,214550.32,778
2025-06-18,Wednesday,2193,214810.84,858
2025-06-19,Thursday,2065,210899.40,797
2025-06-20,Friday,2129,221154.18,861
2025-06-21,Saturday,2507,228705.65,965
2025-06-22,Sunday,2038,199818.42,776
2025-06-23,Monday,2096,207339.87,822
2025-06-24,Tuesday,2078,201361.56,823
2025-06-25,Wednesday,2053,211327.18,804
2025-06-26,Thursday,2183,221459.95,866
2025-06-27,Friday,2269,234418.48,887
2025-06-28,Saturday,2376,224149.71,915
2025-06-29,Sunday,1896,189260.10,744
2025-06-30,Monday,2171,210816.49,831
2025-07-01,Tuesday,2107,209924.54,794
2025-07-02,Wednesday,2040,199449.86,805
2025-07-03,Thursday,2242,222284.48,846
2025-07-04,Friday,2377,228059.19,881
2025-07-05,Saturday,2238,212259.34,899
2025-07-06,Sunday,1961,181429.86,746
2025-07-07,Monday,2149,214536.88,842
2025-07-08,Tuesday,2121,219578.46,807
2025-07-09,Wednesday,2157,219220.25,856
2025-07-10,Thursday,2223,228695.73,827
2025-07-11,Friday,2192,226152.83,869
2025-07-12,Saturday,2402,249660.59,918
2025-07-13,Sunday,1864,180612.10,729
2025-07-14,Monday,2025,209218.28,810
2025-07-15,Tuesday,2060,205879.13,820
2025-07-16,Wednesday,2061,220507.09,829
2025-07-17,Thursday,2134,213664.70,821
2025-07-18,Friday,2241,226623.98,871
2025-07-19,Saturday,2535,250377.62,989
2025-07-20,Sunday,2079,211195.44,788
2025-07-21,Monday,2153,219901.78,832
2025-07-22,Tuesday,2162,207632.61,808
2025-07-23,Wednesday,1980,199751.26,801
2025-07-24,Thursday,2121,211396.73,849
2025-07-25,Friday,2274,229559.58,868
2025-07-26,Saturday,2284,236969.78,907
2025-07-27,Sunday,1942,203623.35,746
2025-07-28,Monday,2096,207201.51,837
2025-07-29,Tuesday,1997,202818.49,807
2025-07-30,Wednesday,2095,207230.47,805
2025-07-31,Thursday,1998,198445.04,784
2025-08-01,Friday,2328,227032.50,898
2025-08-02,Saturday,2429,247319.80,936
2025-08-03,Sunday,1721,172944.42,693
2025-08-04,Monday,2035,203970.95,826
2025-08-05,Tuesday,2118,218175.17,805
2025-08-06,Wednesday,2044,200541.26,814
2025-08-07,Thursday,2235,234103.74,881
2025-08-08,Friday,2139,212942.76,861
2025-08-09,Saturday,2274,232646.59,873
2025-08-10,Sunday,1979,195529.97,774
2025-08-11,Monday,2097,226805.36,827
2025-08-12,Tuesday,2112,198220.99,820
2025-08-13,Wednesday,2194,224433.72,830
2025-08-14,Thursday,2074,212327.64,803
2025-08-15,Friday,2371,240716.64,928
2025-08-16,Saturday,2297,233777.54,888
2025-08-17,Sunday,1935,194416.81,771
2025-08-18,Monday,2036,199517.50,785
2025-08-19,Tuesday,1986,200982.41,754
2025-08-20,Wednesday,2040,211516.72,820
2025-08-21,Thursday,2200,228802.02,837
2025-08-22,Friday,2262,227844.30,922
2025-08-23,Saturday,2335,227631.13,913
2025-08-24,Sunday,1910,194353.46,758
2025-08-25,Monday,2314,234410.20,858
2025-08-26,Tuesday,1959,198532.15,766
2025-08-27,Wednesday,2097,220794.89,814
2025-08-28,Thursday,2174,212691.76,856
2025-08-29,Friday,2244,233044.95,844
2025-08-30,Saturday,2401,249815.99,956
2025-08-31,Sunday,1843,188925.80,745
2025-09-01,Monday,2314,228125.18,900
2025-09-02,Tuesday,2117,206790.71,800
2025-09-03,Wednesday,2129,218047.71,815
2025-09-04,Thursday,2153,217103.30,837
2025-09-05,Friday,2282,225163.55,864
2025-09-06,Saturday,2441,241985.25,963
2025-09-07,Sunday,1777,181381.65,722
2025-09-08,Monday,2028,201964.05,783
2025-09-09,Tuesday,2053,209791.19,801
2025-09-10,Wednesday,2074,212869.12,826
2025-09-11,Thursday,2104,207005.29,850
2025-09-12,Friday,2175,217839.61,836
2025-09-13,Saturday,2506,246057.65,975
2025-09-14,Sunday,1897,195462.09,769
2025-09-15,Monday,2041,206308.30,807
2025-09-16,Tuesday,2097,213051.79,810
2025-09-17,Wednesday,1887,186194.13,734
2025-09-18,Thursday,2046,206453.25,830
2025-09-19,Friday,2173,222278.73,838
2025-09-20,Saturday,2371,247163.23,899
2025-09-21,Sunday,1747,172910.99,708
2025-09-22,Monday,2194,215957.95,808
2025-09-23,Tuesday,2086,212430.39,795
2025-09-24,Wednesday,2036,207060.98,776
2025-09-25,Thursday,2025,212640.03,800
2025-09-26,Friday,2333,234034.59,888
2025-09-27,Saturday,2365,241572.03,900
2025-09-28,Sunday,1916,185640.46,730
2025-09-29,Monday,2139,209421.44,824
2025-09-30,Tuesday,2088,215794.80,811
2025-10-01,Wednesday,2027,215141.18,797
2025-10-02,Thursday,1957,196476.28,782
2025-10-03,Friday,2176,209957.52,868
2025-10-04,Saturday,2358,235564.93,922
2025-10-05,Sunday,1867,189119.21,748
2025-10-06,Monday,2203,222976.15,856
2025-10-07,Tuesday,2100,218242.15,825
2025-10-08,Wednesday,1928,196432.51,784
2025-10-09,Thursday,2103,203717.69,794
2025-10-10,Friday,2208,226663.57,848
2025-10-11,Saturday,2467,251427.68,948
2025-10-12,Sunday,1787,175624.32,729
2025-10-13,Monday,2258,234420.48,865
2025-10-14,Tuesday,2038,210658.55,810
2025-10-15,Wednesday,2053,198327.62,782
2025-10-16,Thursday,2262,233041.19,869
2025-10-17,Friday,2282,233261.30,891
2025-10-18,Saturday,2541,251277.88,970
2025-10-19,Sunday,1962,204287.48,741
2025-10-20,Monday,2208,227657.13,832
2025-10-21,Tuesday,1985,211988.04,799
2025-10-22,Wednesday,1932,199771.19,747
2025-10-23,Thursday,2091,210113.32,837
2025-10-24,Friday,2372,244233.60,921
2025-10-25,Saturday,2174,218351.52,862
2025-10-26,Sunday,1877,189740.40,731
2025-10-27,Monday,2200,231774.77,836
2025-10-28,Tuesday,2114,220925.61,826
2025-10-29,Wednesday,2015,196742.29,784
2025-10-30,Thursday,1960,202538.97,774
2025-10-31,Friday,2058,204401.78,835
2025-11-01,Saturday,2356,237970.42,889
2025-11-02,Sunday,1869,185779.03,726
2025-11-03,Monday,1919,184339.82,798
2025-11-04,Tuesday,2023,194699.44,779
2025-11-05,Wednesday,2052,205123.99,802
2025-11-06,Thursday,2192,221596.10,846
2025-11-07,Friday,2201,231301.88,848
2025-11-08,Saturday,2556,248599.03,989
2025-11-09,Sunday,1834,183341.37,721
2025-11-10,Monday,2295,232786.12,854
2025-11-11,Tuesday,2083,209448.19,824
2025-11-12,Wednesday,1990,205036.81,769
2025-11-13,Thursday,2138,228165.37,815
2025-11-14,Friday,2393,249480.73,963
2025-11-15,Saturday,2452,256207.62,896
2025-11-16,Sunday,1896,190760.49,742
2025-11-17,Monday,2133,214827.68,814
2025-11-18,Tuesday,2030,203751.58,779
2025-11-19,Wednesday,2121,219690.78,824
2025-11-20,Thursday,1968,196730.08,784
2025-11-21,Friday,2293,229557.19,877
2025-11-22,Saturday,2551,256306.27,979
2025-11-23,Sunday,1904,188688.64,742
2025-11-24,Monday,1985,202625.88,808
2025-11-25,Tuesday,2014,201930.84,788
2025-11-26,Wednesday,2174,222207.94,828
2025-11-27,Thursday,2070,220158.63,792
2025-11-28,Friday,2103,214255.10,836
2025-11-29,Saturday,2382,241209.01,919
2025-11-30,Sunday,1786,175033.79,717
2025-12-01,Monday,2159,230758.61,836
2025-12-02,Tuesday,2057,212751.70,789
2025-12-03,Wednesday,2054,198716.12,805
2025-12-04,Thursday,2231,229528.62,862
2025-12-05,Friday,2251,233735.85,843
2025-12-06,Saturday,2244,221183.72,906
2025-12-07,Sunday,1827,175278.33,706
2025-12-08,Monday,2204,227734.56,810
2025-12-09,Tuesday,2144,222114.45,813
2025-12-10,Wednesday,2235,225621.19,861
2025-12-11,Thursday,2167,210227.37,844
2025-12-12,Friday,2141,215872.77,820
2025-12-13,Saturday,2306,242101.31,870
2025-12-14,Sunday,2001,205248.84,763
2025-12-15,Monday,2146,221573.75,832
2025-12-16,Tuesday,2067,209313.10,800
2025-12-17,Wednesday,2260,228734.40,861
2025-12-18,Thursday,2149,230297.98,843
2025-12-19,Friday,2378,248515.27,910
2025-12-20,Saturday,2475,258212.26,964
2025-12-21,Sunday,1935,200719.08,726
2025-12-22,Monday,2187,224676.98,859
2025-12-23,Tuesday,2218,216680.60,848
2025-12-24,Wednesday,2061,205252.37,799
2025-12-25,Thursday,2162,222758.29,842
2025-12-26,Friday,2247,231910.73,841
2025-12-27,Saturday,2434,242558.47,926
2025-12-28,Sunday,1934,203898.46,725
2025-12-29,Monday,2136,213526.71,812
2025-12-30,Tuesday,1980,206414.74,757
2025-12-31,Wednesday,2025,199193.33,778
2026-01-01,Thursday,2169,216740.26,821
2026-01-02,Friday,2350,244400.33,879
2026-01-03,Saturday,2317,232614.37,903
2026-01-04,Sunday,2034,199374.83,772
2026-01-05,Monday,2273,232954.68,876
2026-01-06,Tuesday,2260,223539.86,856
2026-01-07,Wednesday,1930,199679.93,735
2026-01-08,Thursday,2217,218427.30,861
2026-01-09,Friday,2194,217753.68,847
2026-01-10,Saturday,2427,247399.97,912
2026-01-11,Sunday,1975,198798.42,772
2026-01-12,Monday,2268,236293.85,860
2026-01-13,Tuesday,2110,207515.82,812
2026-01-14,Wednesday,2181,215125.43,848
2026-01-15,Thursday,2150,217114.41,840
2026-01-16,Friday,2324,241804.52,871
2026-01-17,Saturday,2588,265286.39,1005
2026-01-18,Sunday,1824,178504.27,711
2026-01-19,Monday,2127,214579.13,861
2026-01-20,Tuesday,2154,214568.06,803
2026-01-21,Wednesday,2105,221056.53,838
2026-01-22,Thursday,2093,204751.65,837
2026-01-23,Friday,2206,221160.50,845
2026-01-24,Saturday,2523,258275.71,952
2026-01-25,Sunday,1884,185608.85,713
2026-01-26,Monday,2186,226315.67,838
2026-01-27,Tuesday,2120,217931.68,831
2026-01-28,Wednesday,2196,215339.69,811
2026-01-29,Thursday,2313,229007.77,859
2026-01-30,Friday,2242,217530.33,903
2026-01-31,Saturday,2539,249897.73,970
2026-02-01,Sunday,1958,198164.90,768
2026-02-02,Monday,2113,214881.99,823
2026-02-03,Tuesday,2346,225469.18,915
2026-02-04,Wednesday,2230,218485.06,854
2026-02-05,Thursday,2295,233281.64,873
2026-02-06,Friday,2276,227255.68,896
2026-02-07,Saturday,2573,270628.71,1006
2026-02-08,Sunday,1913,184995.49,772
2026-02-09,Monday,2243,219422.60,858
2026-02-10,Tuesday,2205,214628.00,851
2026-02-11,Wednesday,2033,202535.11,828
2026-02-12,Thursday,2266,233177.46,869
2026-02-13,Friday,2279,229971.96,876
2026-02-14,Saturday,2423,244478.17,926
2026-02-15,Sunday,1810,182473.47,735
2026-02-16,Monday,2181,217591.52,841
2026-02-17,Tuesday,2270,250067.94,868
2026-02-18,Wednesday,2255,242861.24,878
2026-02-19,Thursday,2167,220258.02,837
2026-02-20,Friday,2324,233713.05,882
2026-02-21,Saturday,2462,254438.72,952
2026-02-22,Sunday,1921,201471.18,751
2026-02-23,Monday,2118,217448.75,834
2026-02-24,Tuesday,2176,215282.98,850
2026-02-25,Wednesday,2219,230040.44,850
2026-02-26,Thursday,2113,201485.57,829
2026-02-27,Friday,2406,237038.50,958
2026-02-28,Saturday,2412,245950.21,921
2026-03-01,Sunday,1978,201243.80,750
2026-03-02,Monday,2124,207613.29,797
2026-03-03,Tuesday,2255,231329.41,873
2026-03-04,Wednesday,2165,221216.57,853
2026-03-05,Thursday,2155,213324.21,840
2026-03-06,Friday,2283,232110.45,878
2026-03-07,Saturday,2533,250807.45,948
2026-03-08,Sunday,1838,186163.29,700
2026-03-09,Monday,2230,217998.20,826
2026-03-10,Tuesday,2229,225639.16,862
2026-03-11,Wednesday,2284,230377.42,816
2026-03-12,Thursday,2180,218535.46,840
2026-03-13,Friday,2329,233903.77,891
2026-03-14,Saturday,2498,246782.52,955
2026-03-15,Sunday,1871,191154.65,729
2026-03-16,Monday,2158,212979.14,812
2026-03-17,Tuesday,2258,228731.97,838
2026-03-18,Wednesday,2248,225646.28,851
2026-03-19,Thursday,2058,207311.75,827
2026-03-20,Friday,2385,244076.77,879
2026-03-21,Saturday,2386,235429.83,898
2026-03-22,Sunday,1915,200206.84,747
2026-03-23,Monday,2194,203658.34,840
2026-03-24,Tuesday,2092,209327.73,847
2026-03-25,Wednesday,2062,207377.68,765
2026-03-26,Thursday,2220,223793.11,855
2026-03-27,Friday,2388,239849.38,897
2026-03-28,Saturday,2325,233935.41,916
2026-03-29,Sunday,1924,191487.88,754
2026-03-30,Monday,2206,220470.93,854
2026-03-31,Tuesday,2321,233675.60,871
2026-04-01,Wednesday,2225,228107.02,865
2026-04-02,Thursday,2162,216524.30,858
2026-04-03,Friday,2304,229387.66,904
2026-04-04,Saturday,2560,249526.50,992
2026-04-05,Sunday,2013,202802.62,765
2026-04-06,Monday,2108,206903.84,805
2026-04-07,Tuesday,2272,222860.36,862
2026-04-08,Wednesday,2285,236032.10,864
2026-04-09,Thursday,2279,227507.82,864
2026-04-10,Friday,2270,231518.82,888
2026-04-11,Saturday,2447,244806.24,953
2026-04-12,Sunday,1876,191264.22,732
2026-04-13,Monday,2247,233239.59,846
2026-04-14,Tuesday,1839,194846.83,747
2026-04-15,Wednesday,1969,199273.58,769
2026-04-16,Thursday,2273,231799.29,858
2026-04-17,Friday,2278,223117.31,892
2026-04-18,Saturday,2531,252730.14,987
2026-04-19,Sunday,1975,196170.22,745
2026-04-20,Monday,2310,228073.76,865
2026-04-21,Tuesday,1985,202370.51,787
2026-04-22,Wednesday,1987,197410.39,781
2026-04-23,Thursday,2174,217974.14,833
2026-04-24,Friday,2391,235632.86,916
2026-04-25,Saturday,2538,254392.95,1000
2026-04-26,Sunday,1934,187332.44,770
2026-04-27,Monday,2211,212698.94,894
2026-04-28,Tuesday,2265,217062.21,866
2026-04-29,Wednesday,2228,211851.48,844
2026-04-30,Thursday,2060,201953.74,817
2026-05-01,Friday,2165,215233.73,850
2026-05-02,Saturday,2454,242884.19,925
2026-05-03,Sunday,2019,200672.84,797
2026-05-04,Monday,2237,219804.75,846
2026-05-05,Tuesday,2088,217951.32,828
2026-05-06,Wednesday,2087,211193.86,831
2026-05-07,Thursday,2259,225254.62,872
2026-05-08,Friday,2454,250151.42,893
2026-05-09,Saturday,2415,245102.98,943
2026-05-10,Sunday,2001,200991.09,773
2026-05-11,Monday,2184,226203.01,829
2026-05-12,Tuesday,2159,232989.21,840
2026-05-13,Wednesday,2195,217930.36,854
2026-05-14,Thursday,2264,237770.01,890
2026-05-15,Friday,2330,236287.19,878
2026-05-16,Saturday,2369,234328.62,945
2026-05-17,Sunday,1937,190507.05,759
2026-05-18,Monday,2160,228891.55,861
2026-05-19,Tuesday,2050,206716.20,826
2026-05-20,Wednesday,2164,219560.86,804
2026-05-21,Thursday,2244,213148.60,832
2026-05-22,Friday,2399,243788.59,904
2026-05-23,Saturday,2473,246340.78,973
2026-05-24,Sunday,2139,215870.50,842
2026-05-25,Monday,2213,228590.50,868
2026-05-26,Tuesday,2026,208518.82,830
2026-05-27,Wednesday,2127,221306.64,839
2026-05-28,Thursday,2147,211546.23,845
2026-05-29,Friday,2389,245103.66,915
2026-05-30,Saturday,2562,253091.89,987
2026-05-31,Sunday,1860,181143.47,732
2026-06-01,Monday,2289,230680.21,854
2026-06-02,Tuesday,2313,227557.34,860
2026-06-03,Wednesday,2274,237722.61,873
2026-06-04,Thursday,2131,213767.15,832
2026-06-05,Friday,2263,231196.12,878
2026-06-06,Saturday,2527,257899.06,1000
2026-06-07,Sunday,1828,182034.48,705
2026-06-08,Monday,2203,209639.93,879
2026-06-09,Tuesday,2079,205002.58,818
2026-06-10,Wednesday,1915,183329.48,778
2026-06-11,Thursday,2236,218414.81,866
2026-06-12,Friday,2376,238683.85,901
2026-06-13,Saturday,2424,240343.84,928
2026-06-14,Sunday,1891,191230.96,728
2026-06-15,Monday,2196,211581.88,850
2026-06-16,Tuesday,2130,210150.92,833
2026-06-17,Wednesday,1937,189288.94,748
2026-06-18,Thursday,2071,213292.95,808
2026-06-19,Friday,2213,214598.34,841
2026-06-20,Saturday,2531,252352.58,966
2026-06-21,Sunday,1842,179339.25,720
2026-06-22,Monday,2204,204711.09,895
2026-06-23,Tuesday,2074,201581.83,805
2026-06-24,Wednesday,2072,211680.12,828
2026-06-25,Thursday,2179,213264.94,820
2026-06-26,Friday,2238,231966.03,906
2026-06-27,Saturday,2445,234770.32,988
2026-06-28,Sunday,1932,194007.32,753
2026-06-29,Monday,2052,206774.25,812
2026-06-30,Tuesday,2046,204858.81,799
2026-07-01,Wednesday,2071,206655.84,837
2026-07-02,Thursday,2165,217174.82,824
2026-07-03,Friday,2292,221262.33,869
2026-07-04,Saturday,2448,238701.38,940
2026-07-05,Sunday,1941,194383.27,762
2026-07-06,Monday,2095,206493.70,827
2026-07-07,Tuesday,1979,200924.97,807
2026-07-08,Wednesday,2017,204239.89,797
2026-07-09,Thursday,2216,217913.62,800
2026-07-10,Friday,2280,224050.43,889
2026-07-11,Saturday,2375,220091.02,922
2026-07-12,Sunday,1914,191553.34,760
2026-07-13,Monday,2133,207643.22,853
2026-07-14,Tuesday,2113,209459.68,813
2026-07-15,Wednesday,2041,203351.32,781
2026-07-16,Thursday,2110,201275.53,849
2026-07-17,Friday,2116,219073.94,843
2026-07-18,Saturday,2326,242521.59,908
2026-07-19,Sunday,1942,190372.38,753
2026-07-20,Monday,2071,205527.57,807
2026-07-21,Tuesday,2180,217732.48,843
2026-07-22,Wednesday,2253,220683.08,872
2026-07-23,Thursday,2212,237744.21,853
2026-07-24,Friday,2190,214531.38,883
2026-07-25,Saturday,2405,245252.88,933
2026-07-26,Sunday,2135,228164.45,808
2026-07-27,Monday,2222,232874.17,860
2026-07-28,Tuesday,2313,236365.59,857
2026-07-29,Wednesday,1971,204162.13,777
2026-07-30,Thursday,2115,209529.67,830
2026-07-31,Friday,2297,229640.39,908
2026-08-01,Saturday,2617,270722.79,986
2026-08-02,Sunday,1886,191692.73,735
2026-08-03,Monday,2245,222257.97,848
2026-08-04,Tuesday,2001,191451.05,800
2026-08-05,Wednesday,1925,200609.11,757
2026-08-06,Thursday,2137,220056.42,841
2026-08-07,Friday,2304,219979.46,894
2026-08-08,Saturday,2338,222214.85,919
2026-08-09,Sunday,1883,178529.43,742
2026-08-10,Monday,2226,219629.44,847
2026-08-11,Tuesday,2002,198854.70,792
2026-08-12,Wednesday,2029,208542.36,781
2026-08-13,Thursday,2257,225753.88,859
2026-08-14,Friday,2266,225727.71,881
2026-08-15,Saturday,2435,237162.07,955
2026-08-16,Sunday,1883,177083.56,728
2026-08-17,Monday,2099,212509.21,838
2026-08-18,Tuesday,2215,223959.55,830
2026-08-19,Wednesday,2183,227050.81,847
2026-08-20,Thursday,1974,191114.58,810
2026-08-21,Friday,2214,216054.50,879
2026-08-22,Saturday,2637,264364.76,1016
2026-08-23,Sunday,1950,189162.16,775
2026-08-24,Monday,2098,210850.44,847
2026-08-25,Tuesday,2040,199263.84,853
2026-08-26,Wednesday,2205,224094.35,862
2026-08-27,Thursday,2057,205492.56,870
2026-08-28,Friday,2318,225750.98,907
2026-08-29,Saturday,2442,248723.72,940
2026-08-30,Sunday,2023,198883.33,783
2026-08-31,Monday,2040,201827.59,819
2026-09-01,Tuesday,2057,219041.83,805
2026-09-02,Wednesday,2162,214920.30,831
2026-09-03,Thursday,2311,239974.74,871
2026-09-04,Friday,2285,232179.09,880
2026-09-05,Saturday,2426,237878.85,960
2026-09-06,Sunday,1990,201429.41,768
2026-09-07,Monday,2229,207774.11,840
2026-09-08,Tuesday,2091,202845.27,808
2026-09-09,Wednesday,2040,210006.28,809
2026-09-10,Thursday,2143,208454.97,842
2026-09-11,Friday,2132,220446.52,847
2026-09-12,Saturday,2627,267811.16,1015
2026-09-13,Sunday,1970,194867.20,753
2026-09-14,Monday,2191,211632.35,842
2026-09-15,Tuesday,2118,207275.09,821
2026-09-16,Wednesday,2131,212937.97,812
2026-09-17,Thursday,2092,203300.26,860
2026-09-18,Friday,2255,221500.31,872
2026-09-19,Saturday,2380,229398.74,899
2026-09-20,Sunday,2096,218744.75,811
2026-09-21,Monday,2143,216542.73,851
2026-09-22,Tuesday,2230,216465.13,868
2026-09-23,Wednesday,2189,208675.88,857
2026-09-24,Thursday,2111,222199.16,801
2026-09-25,Friday,2226,222573.23,854
2026-09-26,Saturday,2360,243709.14,906
2026-09-27,Sunday,2011,209756.30,730
2026-09-28,Monday,2075,203415.34,819
2026-09-29,Tuesday,2179,217766.12,824
2026-09-30,Wednesday,2376,243414.41,879
2026-10-01,Thursday,2099,212638.36,831
2026-10-02,Friday,2179,219548.78,853
2026-10-03,Saturday,2453,245632.62,956
2026-10-04,Sunday,1967,204166.90,751
2026-10-05,Monday,2027,207588.11,787
2026-10-06,Tuesday,2193,222994.81,830
2026-10-07,Wednesday,2054,211603.50,811
2026-10-08,Thursday,2131,202765.29,841
2026-10-09,Friday,2370,228944.53,879
2026-10-10,Saturday,2387,244478.08,924
2026-10-11,Sunday,1924,185389.15,754
2026-10-12,Monday,2110,205819.59,851
2026-10-13,Tuesday,2375,238232.29,930
2026-10-14,Wednesday,2030,203468.92,807
2026-10-15,Thursday,2097,207799.97,812
2026-10-16,Friday,2391,230667.11,926
2026-10-17,Saturday,2350,234190.43,905
2026-10-18,Sunday,2013,199574.78,757
2026-10-19,Monday,2079,205736.01,819
2026-10-20,Tuesday,2199,213700.62,857
2026-10-21,Wednesday,2031,205783.16,789
2026-10-22,Thursday,1985,197830.16,770
2026-10-23,Friday,2220,224161.93,867
2026-10-24,Saturday,2377,239001.20,918
2026-10-25,Sunday,1899,195100.50,764
2026-10-26,Monday,2148,206798.13,789
2026-10-27,Tuesday,2242,235744.84,863
2026-10-28,Wednesday,2131,204999.61,806
2026-10-29,Thursday,2296,221098.84,829
2026-10-30,Friday,2139,223975.61,834
2026-10-31,Saturday,2374,240479.30,951
2026-11-01,Sunday,1947,197625.52,752
2026-11-02,Monday,2120,209962.28,792
2026-11-03,Tuesday,2223,230765.13,860
2026-11-04,Wednesday,2091,211738.14,825
2026-11-05,Thursday,2212,221886.71,851
2026-11-06,Friday,2235,223386.22,856
2026-11-07,Saturday,2473,245939.37,940
2026-11-08,Sunday,1838,175411.57,737
2026-11-09,Monday,2159,212236.36,835
2026-11-10,Tuesday,2127,215514.25,789
2026-11-11,Wednesday,2257,225328.59,824
2026-11-12,Thursday,2163,209829.45,836
2026-11-13,Friday,2254,234724.12,863
2026-11-14,Saturday,2579,268118.15,956
2026-11-15,Sunday,1882,188323.52,734
2026-11-16,Monday,2175,211068.61,849
2026-11-17,Tuesday,2081,213189.48,814
2026-11-18,Wednesday,2153,207061.69,833
2026-11-19,Thursday,2132,209065.23,843
2026-11-20,Friday,2389,237292.49,909
2026-11-21,Saturday,2631,251283.05,1018
2026-11-22,Sunday,2190,213115.93,821
2026-11-23,Monday,2206,224513.91,854
2026-11-24,Tuesday,2240,220800.61,854
2026-11-25,Wednesday,2238,219829.08,826
2026-11-26,Thursday,2318,226189.75,867
2026-11-27,Friday,2136,225669.46,810
2026-11-28,Saturday,2302,230501.71,883
2026-11-29,Sunday,2074,207668.48,773
2026-11-30,Monday,2191,212607.44,848
2026-12-01,Tuesday,1961,195107.83,765
2026-12-02,Wednesday,2091,206742.62,826
2026-12-03,Thursday,2159,218791.60,822
2026-12-04,Friday,2279,234679.56,899
2026-12-05,Saturday,2504,263361.22,977
2026-12-06,Sunday,1978,191220.62,771
2026-12-07,Monday,2199,229381.74,840
2026-12-08,Tuesday,2168,217312.47,854
2026-12-09,Wednesday,2210,228446.59,869
2026-12-10,Thursday,2431,257538.77,897
2026-12-11,Friday,2303,224552.28,874
2026-12-12,Saturday,2608,277109.84,980
2026-12-13,Sunday,1901,191730.73,735
2026-12-14,Monday,2080,205582.60,799
2026-12-15,Tuesday,2180,216321.31,860
2026-12-16,Wednesday,2271,230553.03,837
2026-12-17,Thursday,2299,218058.92,873
2026-12-18,Friday,2383,255041.44,884
2026-12-19,Saturday,2530,250935.84,968
2026-12-20,Sunday,2045,197038.64,773
2026-12-21,Monday,2057,203410.72,795
2026-12-22,Tuesday,2099,211057.83,826
2026-12-23,Wednesday,2219,221838.50,843
2026-12-24,Thursday,2323,237463.52,850
2026-12-25,Friday,2231,223699.90,857
2026-12-26,Saturday,2536,267725.17,978
2026-12-27,Sunday,1945,192056.84,737
2026-12-28,Monday,2196,217575.86,840
2026-12-29,Tuesday,2133,208349.81,830
2026-12-30,Wednesday,2316,238997.27,864
2026-12-31,Thursday,2273,225193.69,875
