year,month,month_name,current_year_revenue,previous_year_revenue,yoy_growth_pct,current_year_units,previous_year_units
2025,1,January,6738573.10,,,66322,
2025,2,February,6188908.60,,,60864,
2025,3,March,6858975.54,,,67828,
2025,4,April,6492110.81,,,64570,
2025,5,May,6701879.06,,,66674,
2025,6,June,6444171.11,,,64345,
2025,7,July,6653860.95,,,66310,
2025,8,August,6704769.14,,,66183,
2025,9,September,6398499.44,,,63594,
2025,10,October,6664856.31,,,65563,
2025,11,November,6451609.82,,,63763,
2025,12,December,6815109.96,,,66815,
2026,1,January,6869351.62,6738573.10,1.94,68279,66322
2026,2,February,6267497.54,6188908.60,1.27,61987,60864
2026,3,March,6826158.29,6858975.54,-0.48,68092,67828
2026,4,April,6585171.88,6492110.81,1.43,65996,64570
2026,5,May,6928874.54,6701879.06,3.39,68570,66674
2026,6,June,6441721.99,6444171.11,-0.04,64911,64345
2026,7,July,6699350.27,6653860.95,0.68,66938,66310
2026,8,August,6649369.91,6704769.14,-0.83,66929,66183
2026,9,September,6566936.64,6398499.44,2.63,65626,63594
2026,10,October,6719913.13,6664856.31,0.83,67270,65563
2026,11,November,6580646.30,6451609.82,2.00,66016,63763
2026,12,December,6956876.76,6815109.96,2.08,68908,66815
