revenue_rank,category_name,medicines,units_sold,revenue,transaction_count,average_selling_price,revenue_share_pct,unit_share_pct
1,Cardiovascular,96,483930,49033572.55,210477,101.32,30.80,30.58
2,Antidiabetic,67,288111,46326537.02,132099,160.79,29.10,18.21
3,Antibiotics,46,128529,18614799.31,94111,144.83,11.69,8.12
4,Respiratory,41,58338,9202185.38,49511,157.74,5.78,3.69
5,Gastrointestinal,57,163779,8664590.71,109302,52.90,5.44,10.35
6,Vitamins,41,115388,7309310.81,73979,63.35,4.59,7.29
7,Antihistamines,48,110307,7057276.84,81103,63.98,4.43,6.97
8,Analgesics,44,117334,6078940.93,83512,51.81,3.82,7.42
9,Antipyretics,31,90947,4225535.02,67761,46.46,2.65,5.75
10,Dermatological,29,25690,2692444.14,22256,104.81,1.69,1.62
