feature,importance,importance_std
rolling_mean_28_instock,2.26922,0.00305
rolling_mean_28,2.01783,0.01074
inventory_units,0.12391,0.00235
rolling_mean_7,0.04676,0.00029
rolling_mean_14,0.04551,0.00024
rolling_median_28,0.03858,0.00022
rolling_std_28,0.02076,0.00145
category_idx,0.01818,0.00072
days_since_stockout,0.0138,0.00041
rolling_median_7,0.01107,0.00019
units_ratio_7_28,0.00525,0.00023
lag_2,0.0048,6e-05
lag_3,0.00368,0.00034
lag_1,0.00363,0.00041
branch_idx,0.00334,0.00047
inventory_to_demand_28,0.00155,0.00026
lag_14,0.00118,0.00011
lag_21,0.00071,5e-05
stockout_days_last_28d,0.00053,0.0002
lag_28,0.00052,6e-05
week_of_year,0.00039,5e-05
lag_7,0.00024,9e-05
day_of_week,6e-05,2e-05
sin_day_of_week,1e-05,0.0
stockout_last_7d,1e-05,0.0
month,1e-05,2e-05
is_weekend,0.0,0.0
quarter,0.0,0.0
cos_day_of_week,-0.0,1e-05
day_of_month,-8e-05,3e-05
sin_month,-9e-05,4e-05
cos_month,-0.00021,2e-05
rolling_std_7,-0.0007,0.00011
rolling_std_14,-0.00085,4e-05
stockout_days_last_7d,-0.00091,4e-05
was_stockout,-0.00314,6e-05
