model,horizon,split,subset,sample_count,MAE,RMSE,WAPE,MASE,bias_pct
naive,7,validation,all,215000,3.0408,5.3704,0.5013,0.9982,-0.16
naive,7,validation,uncensored,207929,2.8966,5.0112,0.4956,0.9509,-0.83
moving_average_7,7,validation,all,215000,3.0408,5.3704,0.5013,0.9982,-0.16
moving_average_7,7,validation,uncensored,207929,2.8966,5.0112,0.4956,0.9509,-0.83
moving_average_28,7,validation,all,215000,2.4747,4.2858,0.4079,0.8124,-0.35
moving_average_28,7,validation,uncensored,207929,2.3575,3.9718,0.4034,0.7739,-0.34
seasonal_naive_weekly,7,validation,all,215000,3.0408,5.3704,0.5013,0.9982,-0.16
seasonal_naive_weekly,7,validation,uncensored,207929,2.8966,5.0112,0.4956,0.9509,-0.83
seasonal_naive_yearly,7,validation,all,215000,3.0537,5.3598,0.5034,1.0025,-1.68
seasonal_naive_yearly,7,validation,uncensored,207929,2.9335,5.0941,0.502,0.963,-1.34
ml_observed,7,validation,all,215000,2.3797,4.1663,0.3923,0.7812,-11.55
ml_observed,7,validation,uncensored,207929,2.2718,3.9319,0.3887,0.7458,-10.61
ml_uncensored,7,validation,all,215000,2.3905,4.2123,0.3941,0.7847,-11.51
ml_uncensored,7,validation,uncensored,207929,2.2638,3.9,0.3874,0.7432,-11.19
naive,7,test,all,215000,3.0598,5.3422,0.4972,1.0045,-0.12
naive,7,test,uncensored,208902,2.9585,5.1394,0.4961,0.9712,-0.72
moving_average_7,7,test,all,215000,3.0598,5.3422,0.4972,1.0045,-0.12
moving_average_7,7,test,uncensored,208902,2.9585,5.1394,0.4961,0.9712,-0.72
moving_average_28,7,test,all,215000,2.4809,4.2582,0.4031,0.8144,-0.42
moving_average_28,7,test,uncensored,208902,2.4015,4.0899,0.4027,0.7884,-0.25
seasonal_naive_weekly,7,test,all,215000,3.0598,5.3422,0.4972,1.0045,-0.12
seasonal_naive_weekly,7,test,uncensored,208902,2.9585,5.1394,0.4961,0.9712,-0.72
seasonal_naive_yearly,7,test,all,215000,3.0738,5.4175,0.4995,1.009,-2.8
seasonal_naive_yearly,7,test,uncensored,208902,2.9896,5.2658,0.5013,0.9814,-2.18
ml_selected,7,test,all,215000,2.403,4.2063,0.3905,0.7888,-11.37
ml_selected,7,test,uncensored,208902,2.3125,4.0329,0.3878,0.7591,-10.9
naive,14,validation,all,197500,4.417,7.7096,0.364,1.0028,-0.32
naive,14,validation,uncensored,186151,4.1326,7.0308,0.3653,0.9382,-0.25
moving_average_7,14,validation,all,197500,5.3724,9.3888,0.4427,1.2197,-0.27
moving_average_7,14,validation,uncensored,186151,5.0109,8.5228,0.4429,1.1376,-0.58
moving_average_28,14,validation,all,197500,3.8631,6.6586,0.3183,0.877,-0.46
moving_average_28,14,validation,uncensored,186151,3.6084,6.0209,0.3189,0.8192,-0.05
seasonal_naive_weekly,14,validation,all,197500,5.3724,9.3888,0.4427,1.2197,-0.27
seasonal_naive_weekly,14,validation,uncensored,186151,5.0109,8.5228,0.4429,1.1376,-0.58
seasonal_naive_yearly,14,validation,all,197500,4.4506,7.6341,0.3667,1.0104,-1.75
seasonal_naive_yearly,14,validation,uncensored,186151,4.1889,7.0426,0.3702,0.951,-0.9
ml_observed,14,validation,all,197500,3.6264,6.3224,0.2988,0.8233,-7.9
ml_observed,14,validation,uncensored,186151,3.3627,5.7334,0.2972,0.7634,-6.87
ml_uncensored,14,validation,all,197500,3.6478,6.3674,0.3006,0.8281,-8.69
ml_uncensored,14,validation,uncensored,186151,3.365,5.7333,0.2974,0.7639,-7.93
naive,14,test,all,197500,4.4539,7.765,0.3618,1.0112,-0.47
naive,14,test,uncensored,187464,4.2431,7.3342,0.3654,0.9633,-0.17
moving_average_7,14,test,all,197500,5.396,9.3659,0.4383,1.225,-0.34
moving_average_7,14,test,uncensored,187464,5.1385,8.8891,0.4425,1.1666,-0.49
moving_average_28,14,test,all,197500,3.8761,6.6937,0.3148,0.88,-0.58
moving_average_28,14,test,uncensored,187464,3.6859,6.3018,0.3174,0.8368,0.11
seasonal_naive_weekly,14,test,all,197500,5.396,9.3659,0.4383,1.225,-0.34
seasonal_naive_weekly,14,test,uncensored,187464,5.1385,8.8891,0.4425,1.1666,-0.49
seasonal_naive_yearly,14,test,all,197500,4.5059,7.9069,0.366,1.023,-2.82
seasonal_naive_yearly,14,test,uncensored,187464,4.2999,7.5367,0.3703,0.9762,-1.64
ml_selected,14,test,all,197500,3.6728,6.4622,0.2983,0.8338,-8.6
ml_selected,14,test,uncensored,187464,3.4521,6.0608,0.2972,0.7837,-7.58
naive,30,validation,all,157500,6.5881,11.2698,0.2532,0.9982,-0.63
naive,30,validation,uncensored,140720,6.0211,10.1482,0.2616,0.9123,-0.21
moving_average_7,30,validation,all,157500,10.4872,18.1155,0.4031,1.589,-0.55
moving_average_7,30,validation,uncensored,140720,9.5679,16.1646,0.4158,1.4497,-0.68
moving_average_28,30,validation,all,157500,6.7082,11.4712,0.2578,1.0164,-0.66
moving_average_28,30,validation,uncensored,140720,6.1341,10.3346,0.2666,0.9294,-0.25
seasonal_naive_weekly,30,validation,all,157500,10.5246,18.1866,0.4045,1.5947,-0.56
seasonal_naive_weekly,30,validation,uncensored,140720,9.6135,16.2661,0.4177,1.4567,-0.64
seasonal_naive_yearly,30,validation,all,157500,6.6613,11.4408,0.256,1.0093,-1.73
seasonal_naive_yearly,30,validation,uncensored,140720,6.0846,10.2437,0.2644,0.922,-0.53
ml_observed,30,validation,all,157500,6.0319,10.4959,0.2318,0.914,-5.35
ml_observed,30,validation,uncensored,140720,5.4656,9.4584,0.2375,0.8282,-4.23
ml_uncensored,30,validation,all,157500,6.1049,10.6656,0.2346,0.925,-6.73
ml_uncensored,30,validation,uncensored,140720,5.4931,9.5434,0.2387,0.8323,-5.74
naive,30,test,all,157500,6.5727,11.4522,0.2493,0.9959,-0.88
naive,30,test,uncensored,141985,6.0727,10.3226,0.2564,0.9202,0.15
moving_average_7,30,test,all,157500,10.599,18.3131,0.402,1.606,-0.52
moving_average_7,30,test,uncensored,141985,9.8221,16.7411,0.4146,1.4883,-0.21
moving_average_28,30,test,all,157500,6.7027,11.6587,0.2542,1.0156,-0.87
moving_average_28,30,test,uncensored,141985,6.1943,10.5052,0.2615,0.9386,0.14
seasonal_naive_weekly,30,test,all,157500,10.6303,18.382,0.4031,1.6107,-0.52
seasonal_naive_weekly,30,test,uncensored,141985,9.8587,16.8289,0.4162,1.4938,-0.18
seasonal_naive_yearly,30,test,all,157500,6.796,12.0775,0.2577,1.0297,-3.05
seasonal_naive_yearly,30,test,uncensored,141985,6.2827,10.9735,0.2652,0.952,-1.57
ml_selected,30,test,all,157500,6.0913,10.9181,0.231,0.923,-6.57
ml_selected,30,test,uncensored,141985,5.5207,9.7765,0.233,0.8365,-5.04
