supplier_id,supplier_name,city
SUP001,Sai Pharma Distributors,Mumbai
SUP002,Shree Ganesh Medico,Mumbai
SUP003,Konkan Healthcare Traders,Thane
SUP004,Western Drugs & Surgicals,Mumbai
SUP005,Mahalaxmi Pharma Agencies,Navi Mumbai
SUP006,Om Sai Medicorp,Vasai
SUP007,Bombay Medi Supply,Mumbai
SUP008,Dadar Wholesale Drugs,Mumbai
SUP009,Vashi Pharma Hub,Navi Mumbai
SUP010,Thane Medico Traders,Thane
SUP011,Deccan Drug House,Pune
SUP012,Maharashtra Pharma Link,Mumbai
SUP013,Pioneer Healthcare Distributors,Mumbai
SUP014,Kalyan Medical Stores,Kalyan
SUP015,Navkar Pharma Agency,Mumbai
SUP016,Bhiwandi Drug Depot,Bhiwandi
SUP017,Lifeline Medico Distributors,Mumbai
SUP018,Arihant Pharma Traders,Mumbai
SUP019,Siddhivinayak Drug Agency,Mumbai
SUP020,Panvel Pharma Supplies,Navi Mumbai
SUP021,Goregaon Medi Wholesale,Mumbai
SUP022,Malad Healthcare Supply,Mumbai
SUP023,Sahyadri Pharma Distributors,Pune
SUP024,Ulhasnagar Drug Centre,Ulhasnagar
SUP025,Vasai Virar Medico,Vasai
SUP026,Chembur Pharma Depot,Mumbai
SUP027,Mira Road Drug House,Mira Bhayandar
SUP028,Neelkanth Pharma Link,Mumbai
SUP029,Jai Hind Medical Agencies,Thane
SUP030,Apex Pharma Wholesale,Mumbai
